case,scenario,import_cost_eur,export_revenue_eur,battery_wear_eur,trading_margin_eur,smart_meter_eur,annual_cost_eur,grid_import_kwh,grid_export_kwh,grid_charging_kwh,heat_pump_kwh,self_sufficiency,pv_self_consumption,heat_pump_avg_price_ct,battery_cycles,comfort_deficit_kwh,backup_heat_kwh,curtailed_kwh,solver_fallbacks,forecast_source,battery_kwh
base,S0,2529.929,0.0,0.0,0.0,0.0,2529.929,7228.369,0.0,0.0,3728.369,0.0,,35.0,0.0,0.0,0.0,0.0,0,weather forecast,0.0
base,S1,2558.284,0.0,0.0,0.0,50.0,2608.284,7228.369,0.0,0.0,3728.369,0.0,,36.094,0.0,0.0,0.0,0.0,0,weather forecast,0.0
base,S2,1662.349,311.754,0.0,0.0,50.0,1400.595,4749.568,5606.853,0.0,3728.369,0.343,0.307,35.0,0.0,0.0,0.0,0.0,0,weather forecast,0.0
base,S3,1130.136,193.981,30.412,0.0,50.0,1016.567,3228.959,3922.559,0.0,3728.369,0.553,0.515,35.0,152.061,0.0,0.0,0.0,0,weather forecast,10.0
base,S4,1186.767,193.981,30.412,0.0,50.0,1073.198,3228.959,3922.559,0.0,3728.369,0.553,0.515,36.094,152.061,0.0,0.0,0.0,0,weather forecast,10.0
base,S5,1170.662,270.318,32.888,0.0,50.0,983.231,3470.936,3979.249,570.734,3899.903,0.608,0.551,33.267,164.438,2.231,120.793,0.0,0,weather forecast,10.0
base,S6,1068.597,254.147,33.272,0.0,50.0,897.723,3148.991,3652.371,428.057,3902.701,0.632,0.59,33.177,166.359,0.0,0.0,0.0,0,weather forecast,10.0
base,S7,1147.242,243.207,102.991,324.365,50.0,732.662,3258.271,3784.354,10.123,3934.444,0.563,0.58,32.669,514.956,0.0,0.0,0.0,0,weather forecast,10.0
battery_0kwh,S5,1473.819,280.443,0.0,0.0,50.0,1243.376,4130.097,4785.456,0.0,3930.295,0.444,0.408,32.997,0.0,2.049,91.058,0.0,0,weather forecast,0.0
battery_5kwh,S5,1207.202,255.393,23.22,0.0,50.0,1025.028,3519.296,4065.765,376.395,3912.823,0.576,0.512,33.114,232.196,2.146,109.513,0.0,0,weather forecast,5.0
battery_15kwh,S5,1160.239,281.226,37.867,0.0,50.0,966.881,3473.794,3964.841,669.452,3892.139,0.621,0.572,33.307,126.224,2.231,122.753,0.0,0,weather forecast,15.0
no_grid_charging,S5,1165.48,263.729,24.831,0.0,50.0,976.581,3308.315,3879.037,0.0,3882.255,0.552,0.56,33.199,124.153,2.53,116.935,0.0,0,weather forecast,10.0
feed_in_after_reform,S2,1662.349,293.023,0.0,0.0,50.0,1419.326,4749.568,5236.464,0.0,3728.369,0.343,0.307,35.0,0.0,0.0,0.0,370.389,0,weather forecast,0.0
feed_in_after_reform,S3,1130.136,159.479,30.412,0.0,50.0,1051.068,3228.959,3574.094,0.0,3728.369,0.553,0.515,35.0,152.061,0.0,0.0,348.464,0,weather forecast,10.0
feed_in_after_reform,S5,1189.921,381.591,46.134,0.0,50.0,904.465,3543.301,3856.598,636.414,3945.598,0.61,0.643,32.75,230.672,2.298,114.253,75.727,0,weather forecast,10.0
export_cap_60pct,S5,1170.768,268.952,32.893,0.0,50.0,984.709,3471.251,3961.494,570.844,3899.534,0.608,0.551,33.264,164.465,2.231,120.793,18.408,0,weather forecast,10.0
pv_yield_minus_10pct,S2,1685.68,268.772,0.0,0.0,50.0,1466.908,4816.228,4864.948,0.0,3728.369,0.334,0.331,35.0,0.0,0.0,0.0,0.0,0,weather forecast,0.0
pv_yield_minus_10pct,S3,1176.844,158.738,29.076,0.0,50.0,1097.182,3362.412,3254.868,0.0,3728.369,0.535,0.553,35.0,145.382,0.0,0.0,0.0,0,weather forecast,10.0
pv_yield_minus_10pct,S5,1214.874,227.883,32.11,0.0,50.0,1069.101,3609.069,3313.63,603.877,3899.411,0.594,0.588,33.208,160.549,1.908,121.543,0.0,0,weather forecast,10.0
battery_0kwh_pv_minus_10pct,S5,1511.825,240.384,0.0,0.0,50.0,1321.441,4239.558,4088.398,0.0,3928.249,0.429,0.438,32.952,0.0,1.913,93.055,0.0,0,weather forecast,0.0
battery_0kwh_after_reform,S5,1462.327,267.369,0.0,0.0,50.0,1244.959,4099.016,4460.912,0.0,3981.342,0.452,0.418,32.38,0.0,2.062,86.833,242.417,0,weather forecast,0.0
battery_5kwh_after_reform,S5,1205.839,286.54,26.587,0.0,50.0,995.886,3523.729,3876.049,396.299,3958.123,0.581,0.542,32.523,265.868,2.251,104.171,130.141,0,weather forecast,5.0
heat_pump_on_off,S5,1188.65,265.444,35.449,0.0,50.0,1008.655,3512.579,3958.599,549.868,3947.963,0.602,0.556,33.592,177.247,0.96,10.53,0.0,0,weather forecast,10.0
