house,household_kwh,measured_heat_pump_kwh,space_heat_kwh,heat_pump_thermal_kw,today__annual_cost_eur,today__pv_self_consumption,today__self_sufficiency,today__heat_pump_kwh,today__comfort_deficit_kwh,today__hot_water_deficit_kwh,today__comfort_shortfall_hours,today__max_battery_throughput_kw,today__solver_fallbacks,today__load_forecast_mae_share,today__load_peak_to_mean,pv__annual_cost_eur,pv__pv_self_consumption,pv__self_sufficiency,pv__heat_pump_kwh,pv__comfort_deficit_kwh,pv__hot_water_deficit_kwh,pv__comfort_shortfall_hours,pv__max_battery_throughput_kw,pv__solver_fallbacks,pv__load_forecast_mae_share,pv__load_peak_to_mean,pv_battery_rules__annual_cost_eur,pv_battery_rules__pv_self_consumption,pv_battery_rules__self_sufficiency,pv_battery_rules__heat_pump_kwh,pv_battery_rules__comfort_deficit_kwh,pv_battery_rules__hot_water_deficit_kwh,pv_battery_rules__comfort_shortfall_hours,pv_battery_rules__max_battery_throughput_kw,pv_battery_rules__solver_fallbacks,pv_battery_rules__load_forecast_mae_share,pv_battery_rules__load_peak_to_mean,best__annual_cost_eur,best__pv_self_consumption,best__self_sufficiency,best__heat_pump_kwh,best__comfort_deficit_kwh,best__hot_water_deficit_kwh,best__comfort_shortfall_hours,best__max_battery_throughput_kw,best__solver_fallbacks,best__load_forecast_mae_share,best__load_peak_to_mean,best_battery__annual_cost_eur,best_battery__pv_self_consumption,best_battery__self_sufficiency,best_battery__heat_pump_kwh,best_battery__comfort_deficit_kwh,best_battery__hot_water_deficit_kwh,best_battery__comfort_shortfall_hours,best_battery__max_battery_throughput_kw,best_battery__solver_fallbacks,best_battery__load_forecast_mae_share,best_battery__load_peak_to_mean,best_battery_known_load__annual_cost_eur,best_battery_known_load__pv_self_consumption,best_battery_known_load__self_sufficiency,best_battery_known_load__heat_pump_kwh,best_battery_known_load__comfort_deficit_kwh,best_battery_known_load__hot_water_deficit_kwh,best_battery_known_load__comfort_shortfall_hours,best_battery_known_load__max_battery_throughput_kw,best_battery_known_load__solver_fallbacks,best_battery_known_load__load_forecast_mae_share,best_battery_known_load__load_peak_to_mean,today_profile__annual_cost_eur,today_profile__pv_self_consumption,today_profile__self_sufficiency,today_profile__heat_pump_kwh,today_profile__comfort_deficit_kwh,today_profile__hot_water_deficit_kwh,today_profile__comfort_shortfall_hours,today_profile__max_battery_throughput_kw,today_profile__solver_fallbacks,pv_profile__annual_cost_eur,pv_profile__pv_self_consumption,pv_profile__self_sufficiency,pv_profile__heat_pump_kwh,pv_profile__comfort_deficit_kwh,pv_profile__hot_water_deficit_kwh,pv_profile__comfort_shortfall_hours,pv_profile__max_battery_throughput_kw,pv_profile__solver_fallbacks,pv_battery_rules_profile__annual_cost_eur,pv_battery_rules_profile__pv_self_consumption,pv_battery_rules_profile__self_sufficiency,pv_battery_rules_profile__heat_pump_kwh,pv_battery_rules_profile__comfort_deficit_kwh,pv_battery_rules_profile__hot_water_deficit_kwh,pv_battery_rules_profile__comfort_shortfall_hours,pv_battery_rules_profile__max_battery_throughput_kw,pv_battery_rules_profile__solver_fallbacks
SFH3,2040.3936,2456.2894,6464.4,7.0,1588.4418,,0.0,2501.1099,0.0,0.0,0.0,0.0,0.0,0.5112,17.1958,654.7331,0.2212,0.3941,2501.1099,0.0,0.0,0.0,0.0,0.0,0.5112,17.1958,379.1122,0.3626,0.6213,2501.1099,0.0,0.0,0.0,2.5,0.0,0.5112,17.1958,449.3139,0.295,0.5127,2615.1305,0.0,0.0,0.0,0.0,0.0,0.5112,17.1958,298.9278,0.3609,0.6141,2601.3202,0.0,0.0,0.0,2.5,0.0,0.5112,17.1958,269.2636,0.3746,0.6362,2600.1166,0.0,0.0,0.0,2.5,0.0,0.0,17.1958,1589.5262,,0.0,2501.1099,0.0,0.0,0.0,0.0,0.0,662.17,0.2186,0.3892,2501.1099,0.0,0.0,0.0,0.0,0.0,381.6601,0.3625,0.6203,2501.1099,0.0,0.0,0.0,2.5,0.0
SFH4,3093.2254,5223.8025,16770.5,11.0,2934.1781,,0.0,5289.771,0.0,0.0,0.0,0.0,0.0,0.3573,9.2176,1780.8577,0.3183,0.307,5289.771,0.0,0.0,0.0,0.0,0.0,0.3573,9.2176,1498.3758,0.4616,0.4317,5289.771,0.0,0.0,0.0,2.5,0.0,0.3573,9.2176,1453.9652,0.437,0.4053,5624.4674,0.0532,0.0,1.0,0.0,0.0,0.3573,9.2176,1271.254,0.5106,0.465,5587.4968,0.0532,0.0,1.0,2.5,0.0,0.3573,9.2176,1247.5995,0.522,0.4745,5593.8574,0.0,0.0,0.0,2.5,0.0,0.0,9.2176,2934.0487,,0.0,5289.771,0.0,0.0,0.0,0.0,0.0,1795.1692,0.3114,0.3004,5289.771,0.0,0.0,0.0,0.0,0.0,1507.329,0.4578,0.4277,5289.771,0.0,0.0,0.0,2.5,0.0
SFH5,3057.8677,7006.8692,23410.5,15.0,3549.235,,-0.0,7086.4458,0.0,0.0,0.0,0.0,0.0,0.464,8.081,2385.1363,0.3227,0.2573,7086.4458,0.0,0.0,0.0,0.0,0.0,0.464,8.081,2093.9113,0.4701,0.3633,7086.4458,0.0,0.0,0.0,2.5,0.0,0.464,8.081,1980.6194,0.4714,0.3588,7567.6069,0.0,0.0,0.0,0.0,0.0,0.464,8.081,1795.0773,0.5447,0.4073,7523.519,0.0,0.0,0.0,2.5,0.0,0.464,8.081,1761.7224,0.5586,0.4172,7513.7691,0.0,0.0,0.0,2.5,0.0,0.0,8.081,3550.5097,,0.0,7086.4458,0.0,0.0,0.0,0.0,0.0,2372.4609,0.3289,0.2621,7086.4458,0.0,0.0,0.0,0.0,0.0,2094.1206,0.4699,0.3635,7086.4458,0.0,0.0,0.0,2.5,0.0
SFH7,3071.7427,3565.0458,10593.3,7.0,2341.9157,,0.0,3618.3223,0.0,0.0,0.0,0.0,0.0,0.5166,8.7892,1216.5039,0.3051,0.3686,3618.3223,0.0,0.0,0.0,0.0,0.0,0.5166,8.7892,933.0774,0.4496,0.5262,3618.3223,0.0,0.0,0.0,2.5,0.0,0.5166,8.7892,971.4506,0.394,0.462,3821.9658,1.5519,0.0,7.0,0.0,0.0,0.5166,8.7892,807.2856,0.4606,0.5299,3798.5456,2.1738,0.0,10.0,2.5,0.0,0.5166,8.7892,765.3213,0.4795,0.5504,3799.9101,2.2574,0.0,9.0,2.5,0.0,0.0,8.7892,2341.5228,,0.0,3618.3223,0.0,0.0,0.0,0.0,0.0,1258.3469,0.2866,0.3464,3618.3223,0.0,0.0,0.0,0.0,0.0,958.697,0.4395,0.5131,3618.3223,0.0,0.0,0.0,2.5,0.0
SFH8,3214.147,5461.1654,17654.4,12.0,3061.2974,,0.0,5528.9398,0.0,0.0,0.0,0.0,0.0,0.6435,13.3033,1853.3433,0.342,0.3162,5528.9398,0.0,0.0,0.0,0.0,0.0,0.6435,13.3033,1580.8483,0.4804,0.4316,5528.9398,0.0,0.0,0.0,2.5,0.0,0.6435,13.3033,1550.8104,0.453,0.4025,5881.0421,0.0,0.0,0.0,0.0,0.0,0.6435,13.3033,1395.5474,0.5131,0.4486,5852.826,0.0,0.0,0.0,2.5,0.0,0.6435,13.3033,1337.0211,0.538,0.469,5853.1359,0.0,0.0,0.0,2.5,0.0,0.0,13.3033,3060.0804,,0.0,5528.9398,0.0,0.0,0.0,0.0,0.0,1903.4309,0.3192,0.2952,5528.9398,0.0,0.0,0.0,0.0,0.0,1614.7524,0.4658,0.4175,5528.9398,0.0,0.0,0.0,2.5,0.0
SFH9,4678.7581,7068.217,23639.0,15.0,4136.313,,0.0,7148.2741,0.0,0.0,0.0,0.0,0.0,0.606,8.4813,2784.9031,0.403,0.2758,7148.2741,0.0,0.0,0.0,0.0,0.0,0.606,8.4813,2489.8656,0.5514,0.3673,7148.2741,0.0,0.0,0.0,2.5,0.0,0.606,8.4813,2405.6731,0.5312,0.3493,7627.1256,0.0,0.0,0.0,0.0,0.0,0.606,8.4813,2206.0489,0.607,0.3919,7586.4263,0.0,0.0,0.0,2.5,0.0,0.606,8.4813,2142.6684,0.6348,0.409,7584.6503,0.0,0.0,0.0,2.5,0.0,0.0,8.4813,4139.4613,,0.0,7148.2741,0.0,0.0,0.0,0.0,0.0,2820.3107,0.3893,0.2662,7148.2741,0.0,0.0,0.0,0.0,0.0,2519.3148,0.541,0.3597,7148.2741,0.0,0.0,0.0,2.5,0.0
SFH10,5489.325,4065.8867,12458.4,8.0,3365.3657,,0.0,4122.9877,0.0,0.0,0.0,0.0,0.0,0.3051,5.8031,1988.6057,0.4122,0.3466,4122.9877,0.0,0.0,0.0,0.0,0.0,0.3051,5.8031,1667.8762,0.5746,0.4698,4122.9877,0.0,0.0,0.0,2.5,0.0,0.3051,5.8031,1689.8177,0.5075,0.416,4369.8807,0.889,0.0,4.0,0.0,0.0,0.3051,5.8031,1415.5159,0.6224,0.4984,4341.948,1.0635,0.0,5.0,2.5,0.0,0.3051,5.8031,1388.2513,0.6328,0.5064,4340.527,0.7693,0.0,3.0,2.5,0.0,0.0,5.8031,3364.3094,,0.0,4122.9877,0.0,0.0,0.0,0.0,0.0,2040.1957,0.3904,0.3284,4122.9877,0.0,0.0,0.0,0.0,0.0,1721.3042,0.5516,0.4507,4122.9877,0.0,0.0,0.0,2.5,0.0
SFH11,3105.2209,6491.041,21489.6,14.0,3384.5668,,0.0,6566.6818,0.0,0.0,0.0,0.0,0.0,0.482,7.1003,2200.5507,0.33,0.2759,6566.6818,0.0,0.0,0.0,0.0,0.0,0.482,7.1003,1922.9132,0.4709,0.3822,6566.6818,0.0,0.0,0.0,2.5,0.0,0.482,7.1003,1833.8917,0.4663,0.373,7004.2766,0.0,0.0,0.0,0.0,0.0,0.482,7.1003,1665.1933,0.5306,0.4173,6964.9558,0.0,0.0,0.0,2.5,0.0,0.482,7.1003,1627.4557,0.5462,0.4293,6952.5178,0.0,0.0,0.0,2.5,0.0,0.0,7.1003,3385.166,,0.0,6566.6818,0.0,0.0,0.0,0.0,0.0,2213.7939,0.3259,0.2724,6566.6818,0.0,0.0,0.0,0.0,0.0,1932.4901,0.4685,0.38,6566.6818,0.0,0.0,0.0,2.5,0.0
SFH12,2891.3106,2773.0503,7644.0,7.0,1997.299,,0.0,2820.2902,0.0,0.0,0.0,0.0,0.0,0.6929,13.5066,918.945,0.2835,0.4016,2820.2902,0.0,0.0,0.0,0.0,0.0,0.6929,13.5066,641.3586,0.4252,0.5828,2820.2902,0.0,0.0,0.0,2.5,0.0,0.6929,13.5066,719.6859,0.3532,0.4884,2961.7869,0.0,0.0,0.0,0.0,0.0,0.6929,13.5066,574.924,0.4127,0.56,2945.9216,0.0,0.0,0.0,2.5,0.0,0.6929,13.5066,516.4703,0.4389,0.5939,2944.8102,0.0,0.0,0.0,2.5,0.0,0.0,13.5066,1999.0603,,0.0,2820.2902,0.0,0.0,0.0,0.0,0.0,965.7073,0.2646,0.3746,2820.2902,0.0,0.0,0.0,0.0,0.0,663.401,0.4192,0.572,2820.2902,0.0,0.0,0.0,2.5,0.0
SFH14,2462.9707,9654.5702,33270.4,21.0,4274.3581,,0.0,9754.3725,0.0,0.0,0.0,0.0,0.0,0.5079,10.9717,3181.2002,0.2934,0.1943,9754.3725,0.0,0.0,0.0,0.0,0.0,0.5079,10.9717,2939.7722,0.4156,0.2672,9754.3725,0.0,0.0,0.0,2.5,0.0,0.5079,10.9717,2689.1155,0.4778,0.2994,10447.0096,0.0,0.0,0.0,0.0,0.0,0.5079,10.9717,2575.633,0.5149,0.318,10409.0693,0.0,0.0,0.0,2.5,0.0,0.5079,10.9717,2542.7291,0.5282,0.3257,10396.0943,0.0,0.0,0.0,2.5,0.0,0.0,10.9717,4276.0701,,0.0,9754.3725,0.0,0.0,0.0,0.0,0.0,3102.1038,0.3278,0.2169,9754.3725,0.0,0.0,0.0,0.0,0.0,2842.7621,0.4587,0.2951,9754.3725,0.0,0.0,0.0,2.5,0.0
SFH16,2160.3179,3382.6731,9914.2,7.0,1958.5241,,0.0,3434.569,0.0,0.0,0.0,0.0,0.0,0.668,11.5721,974.2024,0.2436,0.352,3434.569,0.0,0.0,0.0,0.0,0.0,0.668,11.5721,717.666,0.3748,0.523,3434.569,0.0,0.0,0.0,2.5,0.0,0.668,11.5721,739.1239,0.3333,0.466,3621.5546,0.8824,0.0,5.0,0.0,0.0,0.668,11.5721,613.4266,0.3837,0.5273,3599.6625,1.5919,0.0,7.0,2.5,0.0,0.668,11.5721,571.308,0.4018,0.5507,3599.3946,1.6047,0.0,6.0,2.5,0.0,0.0,11.5721,1958.2104,,0.0,3434.569,0.0,0.0,0.0,0.0,0.0,976.1351,0.2429,0.351,3434.569,0.0,0.0,0.0,0.0,0.0,697.2412,0.3856,0.5371,3434.569,0.0,0.0,0.0,2.5,0.0
SFH18,2946.1746,1974.2161,4669.2,7.0,1736.3429,,0.0,2015.3583,0.0,0.0,0.0,0.0,0.0,0.6094,13.2137,724.5829,0.2545,0.4148,2015.3583,0.0,0.0,0.0,0.0,0.0,0.6094,13.2137,429.966,0.4054,0.6367,2015.3583,0.0,0.0,0.0,2.5,0.0,0.6094,13.2137,558.3544,0.3148,0.505,2095.2596,0.0,0.0,0.0,0.0,0.0,0.6094,13.2137,380.75,0.3902,0.6113,2083.7733,0.0,0.0,0.0,2.5,0.0,0.6094,13.2137,331.6726,0.411,0.6418,2082.5146,0.0,0.0,0.0,2.5,0.0,0.0,13.2137,1736.5365,,0.0,2015.3583,0.0,0.0,0.0,0.0,0.0,733.5338,0.251,0.409,2015.3583,0.0,0.0,0.0,0.0,0.0,423.6211,0.4097,0.6423,2015.3583,0.0,0.0,0.0,2.5,0.0
SFH19,3425.7569,2131.1943,5253.7,7.0,1959.6782,,0.0,2173.5144,0.0,0.0,0.0,0.0,0.0,0.3877,9.1966,888.0697,0.281,0.4058,2173.5144,0.0,0.0,0.0,0.0,0.0,0.3877,9.1966,555.1131,0.451,0.6272,2173.5144,0.0,0.0,0.0,2.5,0.0,0.3877,9.1966,692.8606,0.3475,0.4936,2266.5919,0.0,0.0,0.0,0.0,0.0,0.3877,9.1966,460.5459,0.4499,0.6219,2254.4922,0.0,0.0,0.0,2.5,0.0,0.3877,9.1966,429.5204,0.4628,0.6387,2253.6209,0.0,0.0,0.0,2.5,0.0,0.0,9.1966,1959.7449,,0.0,2173.5144,0.0,0.0,0.0,0.0,0.0,898.8667,0.2761,0.3987,2173.5144,0.0,0.0,0.0,0.0,0.0,578.8597,0.4396,0.6116,2173.5144,0.0,0.0,0.0,2.5,0.0
SFH20,3046.4456,14840.1599,52581.3,32.0,6309.6927,,0.0,14979.5844,0.0,0.0,0.0,0.0,0.0,0.5637,8.7031,4995.6513,0.387,0.1736,14979.5844,0.0,0.0,0.0,0.0,0.0,0.5637,8.7031,4745.8698,0.512,0.2242,14979.5844,0.0,0.0,0.0,2.5,0.0,0.5637,8.7031,4335.7387,0.6195,0.2611,16134.6142,0.0,0.0,0.0,0.0,0.0,0.5637,8.7031,4207.3091,0.6562,0.2734,16057.262,0.0,0.0,0.0,2.5,0.0,0.5637,8.7031,4169.0325,0.6717,0.2796,16042.4101,0.0,0.0,0.0,2.5,0.0,0.0,8.7031,6309.1105,,0.0,14979.5844,0.0,0.0,0.0,0.0,0.0,5019.7856,0.3779,0.1695,14979.5844,0.0,0.0,0.0,0.0,0.0,4758.4532,0.5086,0.2224,14979.5844,0.0,0.0,0.0,2.5,0.0
SFH21,2794.6436,5648.4344,18351.8,12.0,2979.7236,,0.0,5717.6448,0.0,0.0,0.0,0.0,0.0,0.3328,8.7849,1875.7476,0.2966,0.2817,5717.6448,0.0,0.0,0.0,0.0,0.0,0.3328,8.7849,1583.2993,0.4451,0.4089,5717.6448,0.0,0.0,0.0,2.5,0.0,0.3328,8.7849,1530.7101,0.4244,0.3865,6082.2548,0.0,0.0,0.0,0.0,0.0,0.3328,8.7849,1334.6501,0.5027,0.4487,6042.8611,0.0,0.0,0.0,2.5,0.0,0.3328,8.7849,1311.8694,0.5138,0.4579,6047.0097,0.0,0.0,0.0,2.5,0.0,0.0,8.7849,2979.3009,,0.0,5717.6448,0.0,0.0,0.0,0.0,0.0,1856.8764,0.3045,0.2893,5717.6448,0.0,0.0,0.0,0.0,0.0,1577.9706,0.4463,0.4108,5717.6448,0.0,0.0,0.0,2.5,0.0
SFH22,3132.804,10418.4678,36115.2,23.0,4779.5072,,0.0,10524.1286,0.0,0.0,0.0,0.0,0.0,0.4817,7.7401,3536.4015,0.357,0.2114,10524.1286,0.0,0.0,0.0,0.0,0.0,0.4817,7.7401,3258.1092,0.4971,0.2862,10524.1286,0.0,0.0,0.0,2.5,0.0,0.4817,7.7401,3020.9666,0.5459,0.3061,11288.5569,0.0,0.0,0.0,0.0,0.0,0.4817,7.7401,2853.9461,0.6038,0.3333,11230.5938,0.0,0.0,0.0,2.5,0.0,0.4817,7.7401,2814.7841,0.6199,0.3418,11220.8451,0.0,0.0,0.0,2.5,0.0,0.0,7.7401,4779.9264,,0.0,10524.1286,0.0,0.0,0.0,0.0,0.0,3537.0981,0.3574,0.2116,10524.1286,0.0,0.0,0.0,0.0,0.0,3265.189,0.4943,0.2847,10524.1286,0.0,0.0,0.0,2.5,0.0
SFH23,3121.9368,1577.6571,3192.4,7.0,1657.3652,,0.0,1615.7605,0.0,0.0,0.0,0.0,0.0,0.377,6.7318,669.4935,0.2446,0.4177,1615.7605,0.0,0.0,0.0,0.0,0.0,0.377,6.7318,335.1611,0.4156,0.681,1615.7605,0.0,0.0,0.0,2.5,0.0,0.377,6.7318,504.1839,0.2966,0.5013,1664.3847,0.0,0.0,0.0,0.0,0.0,0.377,6.7318,268.9008,0.4038,0.6624,1654.7726,0.0,0.0,0.0,2.5,0.0,0.377,6.7318,230.6071,0.4207,0.6885,1656.2303,0.0,0.0,0.0,2.5,0.0,0.0,6.7318,1658.1941,,0.0,1615.7605,0.0,0.0,0.0,0.0,0.0,655.7754,0.2504,0.4274,1615.7605,0.0,0.0,0.0,0.0,0.0,338.1217,0.4131,0.6778,1615.7605,0.0,0.0,0.0,2.5,0.0
SFH27,1146.2624,2726.3412,7470.0,7.0,1372.3419,,0.0,2773.2087,0.0,0.0,0.0,0.0,0.0,0.284,8.5878,514.5863,0.1886,0.389,2773.2087,0.0,0.0,0.0,0.0,0.0,0.284,8.5878,266.3654,0.316,0.6259,2773.2087,0.0,0.0,0.0,2.5,0.0,0.284,8.5878,292.1408,0.2745,0.5476,2905.9557,0.0,0.0,0.0,0.0,0.0,0.284,8.5878,180.3022,0.3241,0.6357,2892.2877,0.0,0.0,0.0,2.5,0.0,0.284,8.5878,174.5852,0.3267,0.6405,2892.001,0.0,0.0,0.0,2.5,0.0,0.0,8.5878,1371.8149,,0.0,2773.2087,0.0,0.0,0.0,0.0,0.0,532.1848,0.1808,0.373,2773.2087,0.0,0.0,0.0,0.0,0.0,280.061,0.3102,0.6138,2773.2087,0.0,0.0,0.0,2.5,0.0
SFH28,3099.4501,7936.2894,26871.6,17.0,3892.6882,,0.0,8022.9625,0.0,0.0,0.0,0.0,0.0,0.4949,7.3529,2667.0076,0.3485,0.2534,8022.9625,0.0,0.0,0.0,0.0,0.0,0.4949,7.3529,2391.0705,0.4877,0.3447,8022.9625,0.0,0.0,0.0,2.5,0.0,0.4949,7.3529,2251.2862,0.5043,0.349,8584.0787,0.0,0.0,0.0,0.0,0.0,0.4949,7.3529,2082.357,0.5642,0.3844,8534.065,0.0,0.0,0.0,2.5,0.0,0.4949,7.3529,2045.1471,0.5814,0.3956,8530.263,0.0,0.0,0.0,2.5,0.0,0.0,7.3529,3892.8444,,0.0,8022.9625,0.0,0.0,0.0,0.0,0.0,2692.8826,0.3385,0.2461,8022.9625,0.0,0.0,0.0,0.0,0.0,2416.6377,0.4782,0.3377,8022.9625,0.0,0.0,0.0,2.5,0.0
SFH29,1405.6845,3645.2761,10892.1,8.0,1785.6347,,0.0,3699.1727,0.0,0.0,0.0,0.0,0.0,0.527,14.3956,879.7181,0.2099,0.3326,3699.1727,0.0,0.0,0.0,0.0,0.0,0.527,14.3956,615.5658,0.3454,0.5263,3699.1727,0.0,0.0,0.0,2.5,0.0,0.527,14.3956,621.8721,0.3112,0.474,3905.5235,0.0,0.0,0.0,0.0,0.0,0.527,14.3956,501.0458,0.3622,0.5423,3884.4285,0.4232,0.0,2.0,2.5,0.0,0.527,14.3956,477.2031,0.3719,0.556,3882.8033,0.3621,0.0,1.0,2.5,0.0,0.0,14.3956,1786.7,,0.0,3699.1727,0.0,0.0,0.0,0.0,0.0,874.7093,0.2127,0.337,3699.1727,0.0,0.0,0.0,0.0,0.0,618.5494,0.344,0.5246,3699.1727,0.0,0.0,0.0,2.5,0.0
SFH30,2015.264,2160.034,5361.1,7.0,1477.2831,,0.0,2202.575,0.0,0.0,0.0,0.0,0.0,0.5328,8.7542,540.5273,0.2231,0.4273,2202.575,0.0,0.0,0.0,0.0,0.0,0.5328,8.7542,281.7761,0.3557,0.6566,2202.575,0.0,0.0,0.0,2.5,0.0,0.5328,8.7542,361.3902,0.2885,0.5409,2294.139,0.0,0.0,0.0,0.0,0.0,0.5328,8.7542,225.9377,0.3464,0.6366,2283.7006,0.0,0.0,0.0,2.5,0.0,0.5328,8.7542,196.5323,0.3587,0.6583,2280.0917,0.0,0.0,0.0,2.5,0.0,0.0,8.7542,1476.2437,,-0.0,2202.575,0.0,0.0,0.0,0.0,0.0,566.5998,0.2107,0.4039,2202.575,0.0,0.0,0.0,0.0,0.0,285.3184,0.3551,0.6536,2202.575,0.0,0.0,0.0,2.5,0.0
SFH32,2693.3223,2814.9755,7800.1,7.0,1944.2953,,0.0,2862.5283,0.0,0.0,0.0,0.0,0.0,0.4639,11.216,926.0272,0.2591,0.3771,2862.5283,0.0,0.0,0.0,0.0,0.0,0.4639,11.216,636.0103,0.4077,0.5722,2862.5283,0.0,0.0,0.0,2.5,0.0,0.4639,11.216,711.2801,0.3405,0.4829,3008.5866,0.1107,0.0,2.0,0.0,0.0,0.4639,11.216,538.8813,0.4106,0.5694,2988.5352,0.0,0.0,0.0,2.5,0.0,0.4639,11.216,506.6329,0.4248,0.5879,2991.892,0.0,0.0,0.0,2.5,0.0,0.0,11.216,1944.5477,,0.0,2862.5283,0.0,0.0,0.0,0.0,0.0,930.1217,0.2565,0.3733,2862.5283,0.0,0.0,0.0,0.0,0.0,633.0266,0.4085,0.5728,2862.5283,0.0,0.0,0.0,2.5,0.0
SFH34,3188.2025,9481.5499,32626.1,21.0,4468.7256,,0.0,9580.0356,0.0,0.0,0.0,0.0,0.0,0.3944,14.4535,3227.9141,0.3516,0.2227,9580.0356,0.0,0.0,0.0,0.0,0.0,0.3944,14.4535,2999.6024,0.4659,0.288,9580.0356,0.0,0.0,0.0,2.5,0.0,0.3944,14.4535,2711.0522,0.523,0.3152,10228.6347,0.0,0.0,0.0,0.0,0.0,0.3944,14.4535,2586.898,0.5591,0.3327,10174.8192,0.0,0.0,0.0,2.5,0.0,0.3944,14.4535,2571.6328,0.5664,0.3366,10183.3719,0.0,0.0,0.0,2.5,0.0,0.0,14.4535,4468.8833,,0.0,9580.0356,0.0,0.0,0.0,0.0,0.0,3234.9805,0.3534,0.2238,9580.0356,0.0,0.0,0.0,0.0,0.0,2960.4615,0.4918,0.3029,9580.0356,0.0,0.0,0.0,2.5,0.0
SFH35,4455.9074,1431.1458,2646.8,7.0,2069.7965,,0.0,1468.1301,0.0,0.0,0.0,0.0,0.0,0.6035,10.244,875.8469,0.3305,0.4519,1468.1301,0.0,0.0,0.0,0.0,0.0,0.6035,10.244,548.0309,0.4975,0.6578,1468.1301,0.0,0.0,0.0,2.5,0.0,0.6035,10.244,734.8071,0.3708,0.5035,1508.108,0.0,0.0,0.0,0.0,0.0,0.6035,10.244,508.0578,0.4656,0.6163,1498.7385,0.0,0.0,0.0,2.5,0.0,0.6035,10.244,436.8386,0.4984,0.6578,1497.3006,0.0,0.0,0.0,2.5,0.0,0.0,10.244,2073.4131,,0.0,1468.1301,0.0,0.0,0.0,0.0,0.0,938.3108,0.3076,0.4199,1468.1301,0.0,0.0,0.0,0.0,0.0,595.1781,0.4826,0.6353,1468.1301,0.0,0.0,0.0,2.5,0.0
SFH36,2697.3394,2561.6764,6856.8,7.0,1858.1728,,0.0,2607.2869,0.0,0.0,0.0,0.0,0.0,0.4067,12.751,798.5532,0.2747,0.4183,2607.2869,0.0,0.0,0.0,0.0,0.0,0.4067,12.751,531.2914,0.4117,0.6066,2607.2869,0.0,0.0,0.0,2.5,0.0,0.4067,12.751,601.0509,0.3437,0.5116,2731.1902,0.0,0.0,0.0,0.0,0.0,0.4067,12.751,441.695,0.4103,0.598,2716.4646,0.0,0.0,0.0,2.5,0.0,0.4067,12.751,415.8006,0.4216,0.6145,2712.5425,0.0,0.0,0.0,2.5,0.0,0.0,12.751,1856.6192,,0.0,2607.2869,0.0,0.0,0.0,0.0,0.0,852.9056,0.2517,0.3837,2607.2869,0.0,0.0,0.0,0.0,0.0,553.8952,0.4048,0.5941,2607.2869,0.0,0.0,0.0,2.5,0.0
SFH38,3680.3275,5662.0996,18402.7,12.0,3294.2644,,0.0,5731.4175,0.0,0.0,0.0,0.0,0.0,0.3224,7.1581,2120.1812,0.3275,0.2814,5731.4175,0.0,0.0,0.0,0.0,0.0,0.3224,7.1581,1808.1438,0.4859,0.4041,5731.4175,0.0,0.0,0.0,2.5,0.0,0.3224,7.1581,1768.8651,0.4532,0.3747,6099.437,0.0,0.0,0.0,0.0,0.0,0.3224,7.1581,1533.8396,0.5507,0.445,6063.8364,0.0,0.0,0.0,2.5,0.0,0.3224,7.1581,1506.0083,0.5619,0.4537,6060.2248,0.0,0.0,0.0,2.5,0.0,0.0,7.1581,3294.1107,,0.0,5731.4175,0.0,0.0,0.0,0.0,0.0,2089.9572,0.3396,0.2918,5731.4175,0.0,0.0,0.0,0.0,0.0,1794.2706,0.4895,0.4079,5731.4175,0.0,0.0,0.0,2.5,0.0
SFH39,2508.1644,6696.3004,22254.0,14.0,3247.7212,,0.0,6773.5159,0.0,0.0,0.0,0.0,0.0,0.3574,10.3479,2122.6398,0.3061,0.2667,6773.5159,0.0,0.0,0.0,0.0,0.0,0.3574,10.3479,1836.5959,0.4514,0.3809,6773.5159,0.0,0.0,0.0,2.5,0.0,0.3574,10.3479,1734.7318,0.4506,0.3744,7225.0163,0.1002,0.0,1.0,0.0,0.0,0.3574,10.3479,1559.1978,0.521,0.4255,7181.7554,0.1002,0.0,1.0,2.5,0.0,0.3574,10.3479,1532.9135,0.5326,0.4346,7176.5458,0.1002,0.0,1.0,2.5,0.0,0.0,10.3479,3248.5881,,0.0,6773.5159,0.0,0.0,0.0,0.0,0.0,2127.1461,0.3045,0.2653,6773.5159,0.0,0.0,0.0,0.0,0.0,1859.6338,0.4403,0.372,6773.5159,0.0,0.0,0.0,2.5,0.0
