house,living_space_m2,inhabitants,household_kwh,measured_heat_pump_kwh,space_heat_kwh,heat_pump_thermal_kw,heat_pump_kwh,today_cost_eur,pv_saving_eur,pv_npv_eur,best_saving_eur,best_npv_eur,battery_5kwh_extra_saving_eur,battery_5kwh_breakeven_eur_per_kwh,known_load_extra_saving_eur,load_forecast_mae_share,load_peak_to_mean,pv_self_consumption,pv_self_consumption_profile,pv_saving_profile_eur,rules_battery_extra_saving_eur,rules_battery_extra_saving_profile_eur,space_heat_kwh_per_m2,likely_backup_heater
SFH3,140.0,2.0,2040.394,2456.289,6464.4,7.0,2501.11,1588.442,933.709,449.452,1080.471,2542.448,158.86,250.683,29.769,0.508,17.196,0.221,0.219,927.356,254.996,259.518,46.174,False
SFH4,160.0,2.0,3093.225,5223.802,16770.5,11.0,5289.771,2934.178,1153.32,3581.36,1336.996,6200.784,184.524,302.65,24.702,0.357,9.218,0.318,0.311,1138.879,261.575,266.494,104.816,False
SFH5,160.0,3.0,3057.868,7006.869,23410.5,15.0,7086.446,3549.235,1164.099,3735.071,1373.484,6721.132,192.337,318.47,33.322,0.464,8.081,0.323,0.329,1178.049,269.726,257.767,146.316,False
SFH7,150.0,2.0,3071.743,3565.046,10593.3,7.0,3618.322,2341.916,1125.412,3183.353,1267.152,5204.723,168.3,269.799,44.185,0.516,8.789,0.305,0.287,1083.176,262.342,277.351,70.622,False
SFH8,160.0,2.0,3214.147,5461.165,17654.4,12.0,5528.94,3061.297,1207.954,4360.498,1355.957,6471.179,158.045,249.032,62.432,0.643,13.303,0.342,0.319,1156.649,252.311,267.292,110.34,False
SFH9,195.0,4.0,4678.758,7068.217,23639.0,15.0,7148.274,4136.313,1351.41,6406.338,1500.198,8528.218,200.264,334.521,69.899,0.607,8.481,0.403,0.389,1319.151,273.399,278.872,121.226,False
SFH10,135.0,3.0,5489.325,4065.887,12458.4,8.0,4122.988,3365.366,1376.76,6767.859,1514.07,8726.057,271.71,479.194,28.921,0.305,5.803,0.412,0.39,1324.114,297.04,295.39,92.284,False
SFH11,230.0,4.0,3105.221,6491.041,21489.6,14.0,6566.682,3384.567,1184.016,4019.115,1370.028,6671.854,175.348,284.07,38.714,0.482,7.1,0.33,0.326,1171.372,257.083,260.498,93.433,False
SFH12,112.0,2.0,2891.311,2773.05,7644.0,7.0,2820.29,1997.299,1078.354,2512.256,1194.702,4171.513,152.83,238.472,62.195,0.692,13.507,0.284,0.265,1033.353,256.905,279.762,68.25,False
SFH14,150.0,2.0,2462.971,9654.57,33270.4,21.0,9754.372,4274.358,1093.158,2723.376,1326.116,6045.622,120.558,173.125,31.556,0.508,10.972,0.293,0.328,1173.966,223.602,240.238,221.803,True
SFH16,136.0,4.0,2160.318,3382.673,9914.2,7.0,3434.569,1958.524,984.322,1171.25,1135.986,3334.147,131.69,195.665,43.679,0.667,11.572,0.244,0.243,982.075,237.401,258.073,72.899,False
SFH18,87.0,2.0,2946.175,1974.216,4669.2,7.0,2015.358,1736.343,1011.76,1562.551,1110.84,2975.548,184.843,303.295,53.868,0.609,13.214,0.254,0.251,1003.003,272.604,286.763,53.669,False
SFH19,203.0,2.0,3425.757,2131.194,5253.7,7.0,2173.514,1959.678,1071.608,2416.057,1188.923,4089.093,238.105,411.146,33.224,0.388,9.197,0.281,0.276,1060.878,308.157,296.162,25.88,False
SFH20,,,3046.446,14840.16,52581.3,32.0,14979.584,6309.693,1314.041,5873.422,1564.094,9439.454,128.534,189.275,43.271,0.564,8.703,0.387,0.378,1289.325,231.543,242.265,,True
SFH21,110.0,1.0,2794.644,5648.434,18351.8,12.0,5717.645,2979.724,1103.976,2877.654,1295.175,5604.361,198.757,331.471,24.427,0.332,8.785,0.297,0.304,1122.424,270.791,258.221,166.835,False
SFH22,117.0,4.0,3132.804,10418.468,36115.2,23.0,10524.129,4779.507,1243.106,4861.799,1470.483,8104.448,171.307,275.887,43.133,0.482,7.74,0.357,0.357,1242.828,257.855,251.946,308.677,True
SFH23,113.0,2.0,3121.937,1577.657,3192.4,7.0,1615.76,1657.365,987.872,1221.877,1088.828,2661.625,246.377,427.897,36.778,0.377,6.732,0.245,0.25,1002.419,309.394,293.923,28.251,False
SFH27,110.0,1.0,1146.262,2726.341,7470.0,7.0,2773.209,1372.342,857.756,-633.724,1032.051,1851.923,123.88,179.851,5.279,0.275,8.588,0.189,0.181,839.63,229.641,233.242,67.909,False
SFH28,145.0,3.0,3099.45,7936.289,26871.6,17.0,8022.962,3892.688,1225.681,4613.298,1425.729,7466.209,171.362,275.998,39.126,0.495,7.353,0.348,0.338,1199.962,255.629,255.864,185.321,False
SFH29,104.0,2.0,1405.684,3645.276,10892.1,8.0,3699.173,1785.635,905.917,53.106,1090.187,2681.009,129.543,191.319,21.169,0.52,14.396,0.21,0.213,911.991,244.387,237.009,104.732,False
SFH30,100.0,1.0,2015.264,2160.034,5361.1,7.0,2202.575,1477.283,936.756,492.907,1063.26,2296.997,147.142,226.955,29.437,0.532,8.754,0.223,0.211,909.644,239.4,260.22,53.611,False
SFH32,160.0,4.0,2693.322,2814.976,7800.1,7.0,2862.528,1944.295,1018.268,1655.364,1153.194,3579.554,178.212,289.869,33.521,0.463,11.216,0.259,0.256,1014.426,268.348,274.925,48.751,False
SFH34,110.0,1.0,3188.202,9481.55,32626.1,21.0,9580.036,4468.726,1240.811,4829.081,1494.082,8441.009,123.874,179.839,18.988,0.394,14.454,0.352,0.353,1233.903,211.635,254.334,296.601,True
SFH35,100.0,3.0,4455.907,1431.146,2646.8,7.0,1468.13,2069.796,1193.95,4160.778,1254.549,5024.995,227.922,390.526,76.905,0.604,10.244,0.33,0.308,1135.102,303.462,317.613,26.468,False
SFH36,108.0,2.0,2697.339,2561.676,6856.8,7.0,2607.287,1858.173,1059.62,2245.082,1186.674,4057.014,166.74,266.64,27.544,0.407,12.751,0.275,0.252,1003.714,247.27,276.683,63.489,False
SFH38,190.0,2.0,3680.328,5662.1,18402.7,12.0,5731.418,3294.264,1174.083,3877.461,1350.556,6394.156,238.751,412.455,28.121,0.322,7.158,0.328,0.34,1204.154,288.934,273.825,96.856,False
SFH39,135.0,2.0,2508.164,6696.3,22254.0,14.0,6773.516,3247.721,1125.081,3178.641,1339.899,6242.177,180.399,294.296,25.728,0.356,10.348,0.306,0.304,1121.442,264.854,247.696,164.844,False
